Source_Store,Category,Title,Price,Stock,URL
Techzone,GPU,ASUS DUAL GEFORCE RTX 5060 TI 16GB GDDR7 GRAPHICS CARD,"රු280,000",In Stock,https://techzone.lk/product/asus-dual-geforce-rtx-5060-ti-16gb-gddr7-graphics-card/
Techzone,GPU,ASUS GEFORCE GT730-4H-SL-2GD5 2GB GRAPHICS CARD WITH 4 HDMI,"රු36,000",In Stock,https://techzone.lk/product/asus-geforce-gt730-4h-sl-2gd5-2gb-graphics-card-with-4-hdmi/
Techzone,GPU,MSI GEFORCE GT 1030 2GB AERO ITX GDDR4 GRAPHICS CARD,"රු36,500",In Stock,https://techzone.lk/product/msi-geforce-gt-1030-2gb-aero-itx-gddr5-graphics-card/
Techzone,GPU,MSI GEFORCE GT 710 2GB GDDR3 LOW PROFILE GRAPHICS CARD,"රු28,500",In Stock,https://techzone.lk/product/msi-geforce-gt-710-2gb-gddr3-low-profile-graphics-card/
Techzone,GPU,MSI GEFORCE GT 730 4GB GDRR3 GRAPHICS CARD,"රු35,000",In Stock,https://techzone.lk/product/msi-geforce-gt-730-4gb-gdrr3-graphics-card/
Techzone,GPU,MSI GeForce RTX 2060 VENTUS GP OC Graphic Card,"රු130,000",In Stock,https://techzone.lk/product/msi-geforce-rtx-2060-ventus-gp-oc-graphic-card/
Techzone,GPU,MSI GEFORCE RTX 3050 VENTUS 2X OC 6GB GDDR6 GRAPHICS CARD,"රු106,000",In Stock,https://techzone.lk/product/msi-geforce-rtx-3050-ventus-2x-oc-6gb-gddr6-graphics-card/
Techzone,GPU,MSI GEFORCE RTX 3050 VENTUS 2X OC 8GB GDDR6 GRAPHICS CARD,"රු126,000",In Stock,https://techzone.lk/product/msi-geforce-rtx-3050-ventus-2x-oc-8gb-gddr6-graphics-card/
Techzone,GPU,MSI GEFORCE RTX 3080Ti GAMING X Trio 12GB GDDR6X GRAPHICS CARD,"රු435,000",In Stock,https://techzone.lk/product/msi-geforce-rtx-3080ti-gaming-x-trio-12gb-gddr6x-graphics-card/
Techzone,GPU,MSI GEFORCE RTX 5050 SHADOW 2X OC 8GB GDDR7X GRAPHICS CARD,"රු146,000",In Stock,https://techzone.lk/product/msi-geforce-rtx-5050-shadow-2x-oc-8gb-gddr7x-graphics-card/
Techzone,GPU,MSI GEFORCE RTX 5060 SHADOW 2X OC 8GB GDDR7X GRAPHICS CARD,"රු174,000",In Stock,https://techzone.lk/product/msi-geforce-rtx-5060-shadow-2x-oc-8gb-gddr7x-graphics-card/
Techzone,GPU,MSI GEFORCE RTX 5060 Ti SHADOW 2X OC 8GB GDDR7X GRAPHICS CARD,"රු199,000",In Stock,https://techzone.lk/product/msi-geforce-rtx-5060-ti-shadow-2x-oc-8gb-gddr7x-graphics-card/
Techzone,GPU,MSI GEFORCE RTX 5070 SHADOW 2X OC 12GB GDDR7X GRAPHICS CARD,"රු300,000",In Stock,https://techzone.lk/product/msi-geforce-rtx-5070-shadow-2x-oc-12gb-gddr7x-graphics-card-2/
Techzone,GPU,MSI GEFORCE RTX 5090 GAMING TRIO 32GB GDDR7X GRAPHICS CARD,"රු1,820,000",In Stock,https://techzone.lk/product/msi-geforce-rtx-5090-gaming-trio-32gb-gddr7x-graphics-card/
Techzone,GPU,MSI RADEON RX6500 XT MECH 2X 4GB GDDR6 GRAPHICS CARD  (Available in Kandy Showroom),"රු112,000",In Stock,https://techzone.lk/product/msi-radeon-rx-6500-xt-mech-2x-4gb-gddr6-graphics-card/
Techzone,GPU,MSI Radeon RX6600 Graphic Card (Available in Kandy Showroom),"රු185,000",In Stock,https://techzone.lk/product/msi-radeon-rx-6600-graphic-card/
Techzone,GPU,PNY GEFORCE RTX™ 3070  8GB GDDR6 XLR8 Gaming REVEL™ EPIC-X RGB™ Triple Fan GRAPHICS CARD,"රු255,000",In Stock,https://techzone.lk/product/pny-geforce-rtx-3070-8gb-gddr6-xlr8-gaming-revel-epic-x-rgb-triple-fan-graphics-card/
Techzone,GPU,ASUS DUAL GEFORCE RTX 3050 OC 6GB GDDR6 GRAPHICS CARD,"රු95,000",Out of Stock,https://techzone.lk/product/asus-dual-geforce-rtx-3050-oc-6gb-gddr6-graphics-card/
Techzone,GPU,ASUS DUAL GTX1650 OC 4GB GDDR6 GRAPHIC CARD,"රු68,000",Out of Stock,https://techzone.lk/product/asus-dual-gtx1650-oc-4gb-gddr6-graphic-card/
Techzone,GPU,MSI GEFORCE GT 1030 4GB LP OC GDDR4 GRAPHICS CARD,"රු33,500",Out of Stock,https://techzone.lk/product/msi-geforce-gt-1030-4gb-lp-oc-gddr4-graphics-card/
Techzone,GPU,MSI GEFORCE RTX 3060 VENTUS 2X OC 12GB GDDR6 GRAPHICS CARD,"රු113,000",Out of Stock,https://techzone.lk/product/msi-geforce-rtx-3060-ventus-2x-oc-12gb-gddr6-graphics-card/
Techzone,GPU,MSI GEFORCE RTX 5060 TI GAMING OC 8GB GDDR7X GRAPHICS CARD,"රු187,000",Out of Stock,https://techzone.lk/product/msi-geforce-rtx-5060-ti-gaming-oc-8gb-gddr7x-graphics-card/
Techzone,GPU,MSI GEFORCE RTX 5060 Ti VENTUS 2X OC PLUS 16GB GDDR7X GRAPHICS CARD,"රු256,000",Out of Stock,https://techzone.lk/product/msi-geforce-rtx-5060-ti-ventus-2x-oc-plus-16gb-gddr7x-graphics-card/
Techzone,GPU,MSI GEFORCE RTX 5060 VENTUS 2X OC 8GB GDDR7X GRAPHICS CARD,"රු156,000",Out of Stock,https://techzone.lk/product/msi-geforce-rtx-5060-ventus-2x-oc-8gb-gddr7x-graphics-card/
Techzone,CPU,AMD Ryzen 5 3400G WITHOUT BOX/FAN (Pc Biuld Only),"රු32,500",In Stock,https://techzone.lk/product/amd-ryzen-5-3400g-without-box-fan-pc-biuld-only/
Techzone,CPU,AMD Ryzen 5 5600GT,"රු60,000",In Stock,https://techzone.lk/product/amd-ryzen-5-5600gt/
Techzone,CPU,AMD Ryzen 5 5600GT WITHOUT BOX/FAN,"රු54,500",In Stock,https://techzone.lk/product/amd-ryzen-5-5600gt-without-box-fan-copy/
Techzone,CPU,AMD Ryzen 5 5600X WITHOUT BOX/FAN (Pc Biuld Only),"රු53,500",In Stock,https://techzone.lk/product/amd-ryzen-5-5600x-without-box-fan/
Techzone,CPU,AMD Ryzen 5 8500G WITHOUT BOX (Pc Biuld Only),"රු62,000",In Stock,https://techzone.lk/product/amd-ryzen-5-8500g-without-box-pc-biuld-only/
Techzone,CPU,AMD Ryzen 7 5700X  (Pc Biuld Only),"රු64,000",In Stock,https://techzone.lk/product/amd-ryzen-7-5700x-pc-biuld-only/
Techzone,CPU,AMD Ryzen 7 7600X,"රු69,500",In Stock,https://techzone.lk/product/amd-ryzen-7-7600x/
Techzone,CPU,AMD Ryzen 7 7700X WITHOUT BOX (Pc Biuld Only),"රු80,000",In Stock,https://techzone.lk/product/amd-ryzen-7-7700x-without-box/
Techzone,CPU,AMD Ryzen™ 9 5900X,"රු144,000",In Stock,https://techzone.lk/product/amd-ryzen-9-5900x/
Techzone,CPU,Intel Core i7-12700 Processor WITHOUT BOX/FAN (Pc Biuld Only),"රු113,000",In Stock,https://techzone.lk/product/intel-core-i7-12700-processor-without-box-fan/
Techzone,CPU,Intel Core i7-13700 Processor WITHOUT BOX/FAN (Pc Biuld Only),"රු115,000",In Stock,https://techzone.lk/product/intel-core-i7-13700-processor-without-box-fan-pc-biuld-only/
Techzone,CPU,Intel Core i7-14700 Processor WITHOUT BOX/FAN (Pc Biuld Only),"රු128,000",In Stock,https://techzone.lk/product/intel-core-i7-14700-processor-without-box-fan/
Techzone,CPU,Intel® Core™ i3-12100 Processor WITHOUT BOX/FAN (Pc Biuld Only),"රු48,500",In Stock,https://techzone.lk/product/intel-core-i3-12100-processor-without-box-fan-pc-biuld-only/
Techzone,CPU,Intel® Core™ i3-14100 Processor (Pc Biuld Only),"රු54,000",In Stock,https://techzone.lk/product/intel-core-i3-14100-processor/
Techzone,CPU,Intel® Core™ i3-14100 Processor WITHOUT BOX/FAN (Pc Biuld Only),"රු51,500",In Stock,https://techzone.lk/product/intel-core-i3-14100-processor-without-box-fan/
Techzone,CPU,Intel® Core™ i5-12400 Processor WITHOUT BOX/FAN (Pc Biuld Only),"රු59,000",In Stock,https://techzone.lk/product/intel-core-i5-12400-processor-without-box-fan-copy/
Techzone,CPU,Intel® Core™ i5-14400 Processor WITHOUT BOX/FAN (Pc Biuld Only),"රු60,000",In Stock,https://techzone.lk/product/intel-core-i5-14400-processor-without-box-fan/
Techzone,CPU,Intel® Core™ i7-14700 Processor (Pc Biuld Only),"රු130,000",In Stock,https://techzone.lk/product/intel-core-i7-14700-processor/
Techzone,CPU,Intel® Core™ ULTRA 5 225 Processor (Pc Biuld Only),"රු64,500",In Stock,https://techzone.lk/product/intel-core-ultra-5-225-processor/
Techzone,CPU,AMD Ryzen 5 5500 (Pc Biuld Only),"රු34,500",Out of Stock,https://techzone.lk/product/amd-ryzen-5-5500/
Techzone,CPU,AMD Ryzen™ 5 5600G With Radeon™ Graphics,"රු46,500",Out of Stock,https://techzone.lk/product/amd-ryzen-5-5600g-with-radeon-graphics/
Techzone,CPU,AMD Ryzen™ 5 5600G WITHOUT BOX/FAN,"රු39,000",Out of Stock,https://techzone.lk/product/amd-ryzen-5-5600g-tray/
Techzone,CPU,AMD Ryzen™ 5 5600X,"රු55,000",Out of Stock,https://techzone.lk/product/amd-ryzen-5-5600x/
Techzone,CPU,AMD Ryzen™ 7 5700G With Radeon™ Graphics (Pc Biuld Only),"රු64,000",Out of Stock,https://techzone.lk/product/amd-ryzen-7-5700g-with-radeon-graphics/
Techzone,Motherboard,ASUS  PRIME H610M-K D4 Motherboard,"රු38,000",In Stock,https://techzone.lk/product/asus-prime-h610m-e-d4-motherboard/
Techzone,Motherboard,ASUS  PRIME Z790-P D5 WIFI Motherboard,"රු95,500",In Stock,https://techzone.lk/product/asus-prime-z790-p-d5-wifi-motherboard/
Techzone,Motherboard,ASUS PRIME B760M A WIFI D5 Motherboard,"රු60,500",In Stock,https://techzone.lk/product/asus-prime-b760m-a-wifi-d5-motherboard/
Techzone,Motherboard,ASUS PRIME B760M-K D4 Motherboard,"රු48,500",In Stock,https://techzone.lk/product/asus-prime-b760m-k-d4-motherboard/
Techzone,Motherboard,ASUS PRIME B760M-K D5 Motherboard,"රු50,000",In Stock,https://techzone.lk/product/asus-prime-b760m-k-d5-motherboard/
Techzone,Motherboard,MSI A520M-A PRO  Motherboard,"රු26,500",In Stock,https://techzone.lk/product/msi-a520m-pro-motherboard/
Techzone,Motherboard,MSI A620M-E PRO Motherboard,"රු35,900",In Stock,https://techzone.lk/product/msi-pro-a620m-e-proseries-motherboard/
Techzone,Motherboard,MSI B550M PRO-VDH (Wi-Fi) Motherboard,"රු51,000",In Stock,https://techzone.lk/product/msi-b550m-pro-vdh-wi-fi-motherboard/
Techzone,Motherboard,MSI B650M BOMBER Wi-Fi DDR5 Motherboard,"රු56,500",In Stock,https://techzone.lk/product/msi-b650m-bomber-wi-fi-ddr5-motherboard/
Techzone,Motherboard,MSI B650M-P DDR5 Motherboard,"රු49,500",In Stock,https://techzone.lk/product/msi-b650m-p-ddr5-motherboard/
Techzone,Motherboard,MSI B760 GAMING PLUS WIFI DDR5 Motherboard,"රු73,500",In Stock,https://techzone.lk/product/msi-b760-gaming-plus-wifi-ddr5-motherboard/
Techzone,Motherboard,MSI B760M – A WIFI PRO DDR4 Motherboard,"රු68,000",In Stock,https://techzone.lk/product/msi-b760m-a-wifi-pro-ddr4-motherboard/
Techzone,Motherboard,MSI B760M-E PRO DDR4 Motherboard,"රු40,000",In Stock,https://techzone.lk/product/msi-b760m-e-pro-ddr4-motherboard/
Techzone,Motherboard,MSI B760M-E PRO DDR5 Motherboard,"රු41,500",In Stock,https://techzone.lk/product/msi-b760m-e-pro-ddr5-motherboard/
Techzone,Motherboard,MSI B760M-P PRO DDR5 Motherboard,"රු49,500",In Stock,https://techzone.lk/product/msi-b760m-p-pro-ddr5-motherboard/
Techzone,Motherboard,MSI B840 GAMING PLUS Wi-Fi DDR5 Motherboard,"රු74,500",In Stock,https://techzone.lk/product/msi-b840-gaming-plus-wi-fi-ddr5-motherboard/
Techzone,Motherboard,MSI B860 GAMING PLUS WIFI DDR5 Motherboard,"රු95,000",In Stock,https://techzone.lk/product/msi-b860-gaming-plus-wifi-ddr5-motherboard/
Techzone,Motherboard,MSI B860 P PRO DDR5 Motherboard,"රු72,500",In Stock,https://techzone.lk/product/msi-b860-p-pro-ddr5-motherboard/
Techzone,Motherboard,MSI H610M- E PRO DDR4 Motherboard,"රු35,500",In Stock,https://techzone.lk/product/msi-h610m-e-pro-ddr4-motherboard/
Techzone,Motherboard,MSI H610M- E PRO DDR5 Motherboard,"රු35,500",In Stock,https://techzone.lk/product/msi-h610m-e-pro-ddr5-motherboard/
Techzone,Motherboard,MSI H810M-B PRO DDR5 Motherboard,"රු49,000",In Stock,https://techzone.lk/product/msi-h810m-b-pro-ddr5-motherboard/
Techzone,Motherboard,MSI MAG B660 TOMAHAWK WIFI DDR4 Motherboard,"රු99,000",In Stock,https://techzone.lk/product/msi-mag-b660-tomahawk-wifi-ddr4-motherboard/
Techzone,Motherboard,MSI MAG Z890 TOMAHAWK WIFI DDR5 Motherboard,"රු155,000",In Stock,https://techzone.lk/product/msi-mag-z890-tomahawk-wifi-ddr5-motherboard/
Techzone,Motherboard,MSI PRO Z790-P DDR5 WIFI Motherboard,"රු91,000",In Stock,https://techzone.lk/product/msi-pro-z790-p-d5-wifi-motherboard/
Techzone,RAM,G.SKILL Trident Z Neo RGB F4-3600C18D-16GTZN,"රු46,000",In Stock,https://techzone.lk/product/g-skill-trident-z-neo-rgb-f4-3600c18d-16gtzn/
Techzone,RAM,G.SKILL Trident Z Royal RGB 16GB F4-3600C18D-16GTRG,"රු47,000",In Stock,https://techzone.lk/product/g-skill-trident-z-royal-rgb-16gb-f4-3600c18d-16gtrg/
Techzone,RAM,G.SKILL Trident Z5 RGB DDR5 32GB 16GBx2 F5-5200J3636C16GX2-TZ5RS,"රු148,000",In Stock,https://techzone.lk/product/g-skill-trident-z-rgb-ddr5-32gb-16gbx2-f5-5200j3636c16gx2-tz5rs/
Techzone,RAM,ADATA 16GB DDR4 3200Mhz Desktop Memory,"රු46,000",In Stock,https://techzone.lk/product/adata-16gb-ddr4-3200mhz-desktop-memory/
Techzone,RAM,ADATA 16GB DDR4 3200MHz SO-DIMM NoteBook Memory,"රු45,000",In Stock,https://techzone.lk/product/adata-16gb-ddr4-3200mhz-so-dimm-notebook-memory/
Techzone,RAM,ADATA 8GB DDR4 3200Mhz Desktop Memory,"රු26,000",In Stock,https://techzone.lk/product/adata-8gb-ddr4-3200mhz-desktop-memory/
Techzone,RAM,ADATA 8GB DDR5 5600Mhz Desktop Memory,"රු47,000",In Stock,https://techzone.lk/product/adata-8gb-ddr5-5600mhz-desktop-memory/
Techzone,RAM,Corsair Vengeance 16GB DDR4 3200MHZ C40 SODIMM Memory,"රු52,500",In Stock,https://techzone.lk/product/corsair-vengeance-16gb-ddr-3200mhz-c40-memory/
Techzone,RAM,Corsair Vengeance 16GB DDR5 5600MHZ C40 Memory,"රු85,000",In Stock,https://techzone.lk/product/corsair-vengeance-16gb-ddr5-5600mhz-c40-memory/
Techzone,RAM,Corsair Vengeance 32GB DDR5 6000MHZ C40 Memory,"රු170,000",In Stock,https://techzone.lk/product/corsair-vengeance-32gb-ddr5-6000mhz-c40-memory/
Techzone,RAM,CORSAIR VENGEANCE LPX 16GB (16×1) DDR4 3200MHz C16 Memory,"රු51,000",In Stock,https://techzone.lk/product/corsair-vengeance-lpx-16gb-16x1-ddr4-3200mhz-c16-memory/
Techzone,RAM,CORSAIR VENGEANCE LPX 8GB (8×1) DDR4 3200MHz C16 Memory,"රු29,500",In Stock,https://techzone.lk/product/corsair-vengeance-lpx-8gb-8x1-ddr4-3200mhz-c16-memory/
Techzone,RAM,Corsair Vengeance RGB RS 8GB DDR4 3600MHZ  Memory,"රු32,000",In Stock,https://techzone.lk/product/corsair-vengeance-rgb-rs-8gb-ddr4-3600mhz-memory/
Techzone,RAM,G.SKILL  4GB F4-2400C15S-4GNT,"රු9,000",Out of Stock,https://techzone.lk/product/g-skill-4gb-f4-2400c15s-4gnt/
Techzone,RAM,G.SKILL Ripjaws 4GB DDR3 1600MHz SO-DIMM  F3-1600C9S-4GRSL Memory,"රු9,000",Out of Stock,https://techzone.lk/product/g-skill-ripjaws-4gb-ddr3-so-dimm-f3-1600c9s-4grsl-memory/
Techzone,RAM,G.SKILL Trident Z RGB 16GB F4-3200C16D-16GTZR,"රු45,000",Out of Stock,https://techzone.lk/product/g-skill-trident-z-rgb-16gb-f4-3200c16d-16gtzr/
Techzone,RAM,G.SKILL Trident Z RGB DDR5 32GB 16GBx2 F5-5200J3636C16GX2-TZ5RK,"රු115,000",Out of Stock,https://techzone.lk/product/g-skill-trident-z-rgb-ddr5-32gb-16gbx2-f5-5200j3636c16gx2-tz5rk/
Techzone,RAM,G.SKILL Trident Z RGB DDR5 32GB 16GBx2 F5-6000J3636C16GX2-TZ5RK,"රු150,000",Out of Stock,https://techzone.lk/product/g-skill-trident-z-rgb-ddr5-32gb-16gbx2-f5-6000j3636c16gx2-tz5rk/
Techzone,RAM,ADATA 16GB DDR5 5600MHz SO-DIMM NoteBook Memory,"රු75,000",Out of Stock,https://techzone.lk/product/adata-16gb-ddr5-5600mhz-so-dimm-notebook-memory/
Techzone,RAM,ADATA 32GB DDR5 5600MHz SO-DIMM NoteBook Memory,"රු125,000",Out of Stock,https://techzone.lk/product/adata-32gb-ddr5-5600mhz-so-dimm-notebook-memory/
Techzone,RAM,ADATA 8GB DDR4 3200MHz SO-DIMM NoteBook Memory,"රු25,000",Out of Stock,https://techzone.lk/product/adata-8gb-memory/
Techzone,RAM,ADATA 8GB DDR5 5600MHz SO-DIMM NoteBook Memory,"රු39,000",Out of Stock,https://techzone.lk/product/adata-8gb-ddr5-5600mhz-so-dimm-notebook-memory/
Techzone,RAM,Corsair DOMINATOR PLATINUM RGB 32GB DDR5 DRAM 5200MHz Memory Kit — Black,"රු145,000",Out of Stock,https://techzone.lk/product/corsair-dominator-platinum-rgb-32gb-ddr5-dram-5200mhz-memory-kit-black/
Techzone,RAM,Corsair Vengeance 32GB DDR5 5600MHZ C40 Memory,"රු35,500",Out of Stock,https://techzone.lk/product/corsair-vengeance-32gb-ddr5-5600mhz-c40-memory/
Techzone,Storage,ADATA DURABLE 1TB HD680 EXTERNAL HARD DRIVE,"රු36,000",In Stock,https://techzone.lk/product/adata-durable-1tb-hd680-external-hard-drive-2/
Techzone,Storage,ADATA DURABLE 2TB HD680 EXTERNAL HARD DRIVE,"රු46,500",In Stock,https://techzone.lk/product/adata-durable-2tb-hd680-external-hard-drive/
Techzone,Storage,ADATA DURABLE 4TB AHD710P  External Hard Drive,"රු68,500",In Stock,https://techzone.lk/product/adata-durable-4tb-ahd710p-external-hard-drive/
Techzone,Storage,ADATA DURABLE SD620 1TB External Solid State Drive,"රු59,500",In Stock,https://techzone.lk/product/adata-durable-sd620-1tb-external-solid-state-drive/
Techzone,Storage,ADATA DURABLE SD620 512GB External Solid State Drive,"රු36,500",In Stock,https://techzone.lk/product/adata-durable-sd620-512gb-external-solid-state-drive/
Techzone,Storage,ADATA SC750 500GB TYPE C External SSD,"රු39,500",In Stock,https://techzone.lk/product/adata-sc760-512gb-type-c-external-ssd/
Techzone,Storage,ADATA Ultimate SU650 1TB SSD,"රු45,000",In Stock,https://techzone.lk/product/adata-ultimate-su650-1tb-ssd/
Techzone,Storage,ADATA Ultimate SU650 256GB SSD,"රු19,000",In Stock,https://techzone.lk/product/adata-ultimate-su650-solid-state-drive-256gb/
Techzone,Storage,ADATA Ultimate SU650 512GB SSD,"රු33,000",In Stock,https://techzone.lk/product/adata-ultimate-su650-512gb-ssd/
Techzone,Storage,ADATA UR340 128GB USB FLASH DRIVE,"රු6,000",In Stock,https://techzone.lk/product/adata-uv350-128gb-usb/
Techzone,Storage,ADATA UR340 256GB USB FLASH DRIVE,"රු10,500",In Stock,https://techzone.lk/product/adata-uv350-256gb-usb-flash-drive/
Techzone,Storage,ADATA UR340 64GB USB FLASH DRIVE,"රු3,600",In Stock,https://techzone.lk/product/adata-uv350-64gb-usb-flash-drive/
Techzone,Storage,HIKSEMI T100 1TB (1024GB) External Solid State Drive,"රු39,000",In Stock,https://techzone.lk/product/hiksemi-t100-1tb-1024gb-external-solid-state-drive/
Techzone,Storage,Kingston NV3 PCIe 4.0 1TB M.2 NVME Solid State Drive,"රු55,000",In Stock,https://techzone.lk/product/kingston-nv3-pcie-4-0-1tb-m-2-nvme-solid-state-drive/
Techzone,Storage,LEXAR NQ700 1TB GEN 4 NVME SSD,"රු52,000",In Stock,https://techzone.lk/product/lexar-nq700-1tb-gen-4-nvme-ssd/
Techzone,Storage,MSI SPATIUM M450 2TB V1 NVMe GEN 4 M.2 Solid State Drive (Available in Kandy Showroom),"රු86,000",In Stock,https://techzone.lk/product/msi-spatium-m450-2tb-v1-nvme-gen-4-m-2-solid-state-drive/
Techzone,Storage,MSI SPATIUM M480 1TB PCIe 4.0 NVMe M.2 Solid State Drive,"රු67,000",In Stock,https://techzone.lk/product/msi-spatium-m480-pcie-4-0-nvme-m-2-solid-state-drive/
Techzone,Storage,Seagate Barracuda 2TB Internal Hard Drive,"රු43,000",In Stock,https://techzone.lk/product/seagate-barracuda-2tb-hdd/
Techzone,Storage,Seagate BarraCuda 4TB Internal Hard Drive (Available at Kandy Showroom),"රු56,500",In Stock,https://techzone.lk/product/seagate-barracuda-4tb-internal-hard-drive/
Techzone,Storage,Western Digital 1TB My Passport External Hard Drive (Available in kandy Showroom),"රු34,500",In Stock,https://techzone.lk/product/western-digital-1tb-my-passport-external-hard-drive-2/
Techzone,Storage,ADATA LEGEND 710 1TB M.2 NVME SSD,"රු25,000",Out of Stock,https://techzone.lk/product/adata-legend-710-1tb-m-2-nvme-ssd/
Techzone,Storage,ADATA LEGEND 710 256GB M.2 NVME SSD,"රු12,000",Out of Stock,https://techzone.lk/product/adata-legend-710-256gb-m-2-nvme-ssd/
Techzone,Storage,ADATA LEGEND 710 256GB SSD,"රු8,000",Out of Stock,https://techzone.lk/product/adata-legend-710-256gb-ssd/
Techzone,Storage,ADATA LEGEND 800 500GB M.2 NVME SSD,"රු13,000",Out of Stock,https://techzone.lk/product/adata-legend-800-500gb-m-2-nvme-ssd/
Techzone,PSU,CORSAIR CX550 550W 80+ BRONZE CERTIFIED POWER SUPPLY,"රු19,500",In Stock,https://techzone.lk/product/corsair-cx550-550w-80-bronze-certified-power-supply/
Techzone,PSU,CORSAIR CX650 650W 80+ BRONZE CERTIFIED POWER SUPPLY,"රු21,500",In Stock,https://techzone.lk/product/corsair-cx650-650w-80-bronze-certified/
Techzone,PSU,CORSAIR CX750 750W 80+ BRONZE CERTIFIED,"රු24,500",In Stock,https://techzone.lk/product/corsair-cx750-750w-80-bronze-certified/
Techzone,PSU,CORSAIR RM1000X 80+ GOLD CERTIFIED FULLY MODULAR,"රු73,000",In Stock,https://techzone.lk/product/corsair-rm1000x-80-gold-certified-fully-modular/
Techzone,PSU,Gamdias Aura GP450 – 450W Power Supply,"රු8,500",In Stock,https://techzone.lk/product/gamdias-aura-gp450-450w-power-supply/
Techzone,PSU,Gamdias Aura GP550 – 550W Power Supply,"රු12,000",In Stock,https://techzone.lk/product/gamdias-aura-gp550-550w-power-supply/
Techzone,PSU,Gamdias Aura GP650 – 650W Power Supply,"රු14,000",In Stock,https://techzone.lk/product/gamdias-aura-gp650-650w-power-supply/
Techzone,PSU,GAMDIAS HELIOS P1A-750G 750W 80 PLUS GOLD Power Supply,"රු26,000",In Stock,https://techzone.lk/product/gamdias-helios-p1a-750g-750w-80-plus-gold-power-supply/
Techzone,PSU,GAMDIAS HELIOS P1A-850G 850W 80 PLUS GOLD Power Supply,"රු34,500",In Stock,https://techzone.lk/product/gamdias-helios-p1a-850g-850w-80-plus-gold-power-supply/
Techzone,PSU,Gamdias Kratos M1-600B 600W RGB Power Supply,"රු13,000",In Stock,https://techzone.lk/product/gamdias-kratos-m1-600b-600w-rgb-power-supply/
Techzone,PSU,MSI A550BN 550W 80+ BRONZE CERTIFIED POWER SUPPLY,"රු21,800",In Stock,https://techzone.lk/product/msi-a550bn-550w-80-bronze-certified-power-supply/
Techzone,PSU,MSI A650BN 650W 80+ BRONZE CERTIFIED FULLY MODULAR,"රු23,500",In Stock,https://techzone.lk/product/msi-a650bn-650w-80-bronze-certified-fully-modular/
Techzone,PSU,MSI MPG A1000GL PCIE5 1000W 80+ GOLD CERTIFIED FULLY MODULAR,"රු60,000",In Stock,https://techzone.lk/product/msi-mpg-a1000gl-pcie5-1000w-80-gold-certified-fully-modular/
Techzone,PSU,MSI MPG A750GL 750W 80+ GOLD CERTIFIED FULLY MODULAR,"රු36,000",In Stock,https://techzone.lk/product/msi-mpg-a750gl-750w-80-gold-certified-fully-modular/
Techzone,PSU,MSI MPG A850GL 850W 80+ GOLD CERTIFIED FULLY MODULAR,"රු41,000",In Stock,https://techzone.lk/product/msi-mpg-a850gl-850w-80-gold-certified-fully-modular/
Techzone,PSU,NZXT C750 750W 80+ BRONZE CERTIFIED Power Supply,"රු23,000",In Stock,https://techzone.lk/product/nzxt-c750-bronze-power-supply/
Techzone,PSU,ARMAGGEDDON VOLTRON OEM 235 BRONZE 235W,"රු5,000",Out of Stock,https://techzone.lk/product/armaggeddon-voltron-oem-235-bronze-235w/
Techzone,PSU,CORSAIR RM750E 750W 80+ GOLD CERTIFIED FULLY MODULAR,"රු43,000",Out of Stock,https://techzone.lk/product/corsair-rm750-750w-80-gold-certified-fully-modular/
Techzone,PSU,CORSAIR RM850X 850W 80+ GOLD CERTIFIED FULLY MODULAR,"රු51,500",Out of Stock,https://techzone.lk/product/corsair-rm850x-850w-80-gold-certified-fully-modular/
Techzone,Casing,ARMAGGEDDON NIMITZ TR5000 BLACK CASING,"රු14,500",In Stock,https://techzone.lk/product/casing-armaggeddon-nimitz-tr5000-black/
Techzone,Casing,ARMAGGEDDON TESSARAXX APEX 7BK,"රු13,600",In Stock,https://techzone.lk/product/armaggeddon-tessaraxx-apex-7bk/
Techzone,Casing,ARMAGGEDDON TRITRON PRO 200 WHITE CASING,"රු12,000",In Stock,https://techzone.lk/product/armaggeddon-tritron-pro-200-white-casing-2/
Techzone,Casing,ASUS TUF GT501 RGB MID-TOWER CASE,"රු52,000",In Stock,https://techzone.lk/product/asus-tuf-gt501-rgb-mid-tower-case/
Techzone,Casing,Gamdias AURA GC5 ELITE WITH DIGITAL DISPLAY ARGB MID-TOWER CASE BLACK,"රු14,500",In Stock,https://techzone.lk/product/gamdias-aura-gc5-elite-with-digital-display-argb-mid-tower-case-black/
Techzone,Casing,Gamdias AURA GC9 ARGB MICRO -TOWER CASE,"රු11,500",In Stock,https://techzone.lk/product/gamdias-aura-gc9-argb-micro-tower-case/
Techzone,Casing,Gamdias MARS E5M CASING WITH PSU,"රු9,500",In Stock,https://techzone.lk/product/gamdias-mars-e5m-casing-with-psu/
Techzone,Casing,Gamdias NESO P1 PRO B ARGB MID-TOWER CASE,"රු54,500",In Stock,https://techzone.lk/product/gamdias-neso-p1-pro-b-argb-mid-tower-case/
Techzone,Casing,MSI MAG FORG 321R AIRFLOW ARGB MID-TOWER Case,"රු26,000",In Stock,https://techzone.lk/product/msi-mag-forg-321r-airflow-argb-mid-tower-case/
Techzone,Casing,MSI MPG VIXTA 300R PZ ARGB MID-TOWER Case,"රු43,000",In Stock,https://techzone.lk/product/msi-mpg-vixta-300r-pz-argb-mid-tower-case/
Techzone,Casing,NZXT H5 ELITE EDITION MID TOWER BLACK CASE,"රු43,500",In Stock,https://techzone.lk/product/nzxt-h5-elite-edition-mid-tower-black-case/
Techzone,Casing,RAIDMAX HURRIKAN H200 ARGB ATX MID TOWER CASE,"රු23,500",In Stock,https://techzone.lk/product/raidmax-hurrikan-h200-argb-atx-mid-tower-case/
Techzone,Casing,RAIDMAX INFINITA I801 ARGB ATX MID TOWER CASE,"රු21,000",In Stock,https://techzone.lk/product/raidmax-infinita-i801-argb-atx-mid-tower-case/
Techzone,Casing,RAIDMAX INFINITA I802 AIR RGB ATX MID TOWER CASE,"රු14,000",In Stock,https://techzone.lk/product/raidmax-infinita-i802-air-rgb-atx-mid-tower-case/
Techzone,Casing,ARMAGGEDDON TRITRON PRO 200 BLACK CASING,"රු12,000",Out of Stock,https://techzone.lk/product/armaggeddon-tritron-pro-200-white-casing/
Techzone,Casing,Gamdias MARS E4M CASING WITH PSU,"රු9,000",Out of Stock,https://techzone.lk/product/gamdias-mars-e4m-casing-with-psu/
Techzone,Casing,MSI MAG FORG M100A AUTO RGB MID-TOWER Case (Available at Kandy),"රු13,500",Out of Stock,https://techzone.lk/product/msi-mag-forg-m100a-auto-rgb-mid-tower-case/
Techzone,Casing,MSI MAG FORG M100R ARGB MID-TOWER Case,"රු18,000",Out of Stock,https://techzone.lk/product/msi-mag-forg-m100r-argb-mid-tower-case/
Techzone,Casing,MSI MAG PANO 100R PZ ARGB BLACK MID-TOWER Case,"රු42,000",Out of Stock,https://techzone.lk/product/msi-mag-pano-100r-pz-argb-black-mid-tower-case/
Techzone,Casing,MSI MAG PANO 100R PZ ARGB WHITE MID-TOWER Case,"රු45,000",Out of Stock,https://techzone.lk/product/msi-mag-pano-100r-pz-argb-white-mid-tower-case/
Techzone,Casing,MSI MAG PANO M100R PZ ARGB BLACK MID-TOWER Case,"රු33,000",Out of Stock,https://techzone.lk/product/msi-mag-pano-m100r-pz-argb-mid-tower-case/
Techzone,Casing,MSI MAG PANO M100R PZ ARGB WHITE MID-TOWER Case,"රු35,500",Out of Stock,https://techzone.lk/product/msi-mag-pano-m100r-pz-argb-white-mid-tower-case/
Techzone,Casing,MSI MPG VELOX 100R MID TOWER CASE,"රු36,000",Out of Stock,https://techzone.lk/product/msi-mpg-velox-100r-mid-tower-case/
Techzone,Casing,MSI PRO FORG M051R ARGB MID-TOWER Case,"රු14,500",Out of Stock,https://techzone.lk/product/msi-pro-forg-m051r-argb-mid-tower-case/
Techzone,Cooler,Corsair H100 RGB 240MM Liquid CPU Cooler (Available in Kandy Showroom),"රු32,000",In Stock,https://techzone.lk/product/corsair-h100-rgb-240mm-liquid-cpu-cooler/
Techzone,Cooler,Corsair H55 RGB 120MM Liquid CPU Cooler (Available in Kandy Showroom),"රු28,500",In Stock,https://techzone.lk/product/corsair-h55-rgb-120mm-liquid-cpu-cooler/
Techzone,Cooler,Corsair NAUTILUS ARGB 240MM Liquid CPU Cooler,"රු32,500",In Stock,https://techzone.lk/product/corsair-nautilus-argb-240mm-liquid-cpu-cooler/
Techzone,Cooler,Corsair NAUTILUS ARGB 360MM Liquid CPU Cooler,"රු37,500",In Stock,https://techzone.lk/product/corsair-nautilus-argb-360mm-liquid-cpu-cooler/
Techzone,Cooler,GAMDIAS AEOLUS P2-1203U ARGB FAN PACK,"රු16,500",In Stock,https://techzone.lk/product/gamdias-aeolus-p2-1203u-argb-fan-pack/
Techzone,Cooler,GAMDIAS AETHER P1 PRO LAPTOP COOLING PAD,"රු13,500",In Stock,https://techzone.lk/product/gamdias-aether-p1-9201-2x135mm-fan-laptop-cooling-pad/
Techzone,Cooler,GAMDIAS AURA GL360 RGB 360mm CPU Liquid Cooler,"රු22,000",In Stock,https://techzone.lk/product/gamdias-aura-gl360-rgb-360mm-cpu-liquid-cooler/
Techzone,Cooler,GAMDIAS BOREAS E1-210  AIR Cooler,"රු4,750",In Stock,https://techzone.lk/product/gamdias-boreas-e1-210-air-cooler/
Techzone,Cooler,Gamdias Boreas M1-620 CPU Black Air Cooler,"රු13,500",In Stock,https://techzone.lk/product/gamdias-boreas-m1-620-cpu-black-air-cooler/
Techzone,Cooler,GAMDIAS BOREAS P2-62D  AIR Cooler,"රු21,500",In Stock,https://techzone.lk/product/gamdias-boreas-p2-62d-air-cooler/
Techzone,Cooler,Gamdias CHIONE E4-240 ARGB 240MM Liquid Cooler,"රු25,500",In Stock,https://techzone.lk/product/gamdias-chione-e4-240-argb-240mm-liquid-cooler/
Techzone,Cooler,MSI MAG COREFROZR AA13 CPU AIR Cooler,"රු13,500",In Stock,https://techzone.lk/product/msi-mag-corefrozr-aa13-cpu-air-cooler/
Techzone,Cooler,MSI MAG CORELIQUID A13 240MM CPU Liquid Cooler,"රු28,300",In Stock,https://techzone.lk/product/msi-mag-coreliquid-a13-240mm-cpu-liquid-cooler/
Techzone,Cooler,MSI MAG CORELIQUID A13 360MM CPU Liquid Cooler,"රු34,000",In Stock,https://techzone.lk/product/msi-mag-coreliquid-a13-360mm-cpu-liquid-cooler/
Techzone,Cooler,MSI MAG CORELIQUID A13 360MM CPU Liquid Cooler WHITE,"රු34,000",In Stock,https://techzone.lk/product/msi-mag-coreliquid-a13-360mm-cpu-liquid-cooler-white/
Techzone,Cooler,MSI MAG CORELIQUID P22 360MM CPU Liquid Cooler,"රු60,500",In Stock,https://techzone.lk/product/msi-mag-coreliquid-p22-360mm-cpu-liquid-cooler/
Techzone,Cooler,NZXT F120RGB CORE 120MM Triple Pack (White) W/RGB Controller,"රු25,700",In Stock,https://techzone.lk/product/nzxt-f120rgb-core-120mm-triple-pack-white-w-rgb-controller/
Techzone,Cooler,Techno Cooler Pad,"රු3,500",In Stock,https://techzone.lk/product/techno-cooler-pad/
Techzone,Cooler,ANTEC A30 NEO ARGB – CPU AIR COOLER,"රු7,500",Out of Stock,https://techzone.lk/product/antec-a30-neo-argb-cpu-air-cooler/
Techzone,Cooler,GAMDIAS AETHER E1-7301 3x120mm Fan LAPTOP COOLING PAD,"රු6,750",Out of Stock,https://techzone.lk/product/gamdias-aether-e1-7301-3x120mm-fan-laptop-cooling-pad/
Techzone,Cooler,GAMDIAS BOREAS M2-51D  AIR Cooler,"රු13,500",Out of Stock,https://techzone.lk/product/gamdias-boreas-m2-51d-air-cooler/
Techzone,Cooler,LAPTOP COOLING PAD N99 2x FAN,"රු3,500",Out of Stock,https://techzone.lk/product/laptop-cooling-pad-n99-2x-fan/
Techzone,Monitor,ACER EK251Q P6 24.5″ INCH IPS 144Hz GAMING Monitor,"රු32,500",In Stock,https://techzone.lk/product/acer-ek251q-p6-24-5%e2%80%b3-inch-ips-144hz-gaming-monitor/
Techzone,Monitor,ACER EK271G 27″ INCH IPS 144Hz GAMING Monitor,"රු39,500",In Stock,https://techzone.lk/product/acer-ek271g-27%e2%80%b3-inch-ips-144hz-gaming-monitor/
Techzone,Monitor,Asus 24.1″ ProArt PA248QFV FHD 100Hz Monitor,"රු97,500",In Stock,https://techzone.lk/product/asus-24-1%e2%80%b3-proart-display-monitor-pa248qv/
Techzone,Monitor,Asus ProArt PA278CGV 27′ Inch WQHD IPS Monitor,"රු172,500",In Stock,https://techzone.lk/product/asus-proart-pa278cgv-27-inch-wqhd-ips-monitor/
Techzone,Monitor,ASUS ProArt PA279CRV 27” INCH 4K IPS Monitor,"රු232,000",In Stock,https://techzone.lk/product/asus-pa279crv-27%e2%80%b3-professional-monitor/
Techzone,Monitor,ASUS VA249HG Eye Care Gaming Monitor – 24-inch,"රු35,500",In Stock,https://techzone.lk/product/asus-va249hg-eye-care-gaming-monitor-24-inch/
Techzone,Monitor,MSI MAG 275UPD E14 Gaming Monitor,"රු104,000",In Stock,https://techzone.lk/product/msi-mag-275upd-e14-gaming-monitor/
Techzone,Monitor,PHILIPS 22E1N1200A 21.5″ INCH IPS 100Hz Monitor,"රු29,900",In Stock,https://techzone.lk/product/philips-22e1n1200a-21-5%e2%80%b3-inch-ips-100hz-monitor/
Techzone,Monitor,PHILIPS 24E1N2100D 23.8″ INCH IPS 120Hz Monitor,"රු32,000",In Stock,https://techzone.lk/product/philips-24e1n2100d-23-8%e2%80%b3-inch-ips-120hz-monitor/
Techzone,Monitor,PHILIPS 24E2G2200 23.8″ INCH IPS 144Hz Monitor,"රු33,500",In Stock,https://techzone.lk/product/philips-24e2g2200-23-8%e2%80%b3-inch-ips-144hz-monitor/
Techzone,Monitor,PHILIPS 27E1N2100D 27″ INCH IPS 120Hz Monitor (Available in Kandy Showroom),"රු39,000",In Stock,https://techzone.lk/product/philips-27e1n2100d-27%e2%80%b3-inch-ips-120hz-monitor/
Techzone,Monitor,PHILIPS 27E2G2200 27 INCH IPS 144Hz Monitor,"රු44,000",In Stock,https://techzone.lk/product/philips-27e2g2200-27-inch-ips-144hz-monitor/
Techzone,Monitor,ViewSonic TD2423 23.8”Inch™ IR Touch Monitor,"රු94,000",In Stock,https://techzone.lk/product/viewsonic-td2423-touch-monitor/
Techzone,Monitor,Viewsonic VA221A H 21.5”Inch™ IPS FHD 120Hz Monitor,"රු29,500",In Stock,https://techzone.lk/product/viewsonic-va221a-h-21-5inch-ips-fhd-120hz-monitor/
Techzone,Monitor,ViewSonic VA27G1-H 27″ Full HD 144Hz Monitor,"රු45,500",In Stock,https://techzone.lk/product/viewsonic-va27g1-h-27-full-hd-144hz-monitor/
Techzone,Monitor,ASUS TUF Gaming VG249Q1A 24 IPS Gaming Monitor,"රු102,000",In Stock,https://techzone.lk/product/asus-tuf-gaming-vg249q1a-24-ips-gaming-monitor/
Techzone,Monitor,ASUS VA27EHF 27″ INCH IPS 100Hz Monitor,"රු61,500",In Stock,https://techzone.lk/product/asus-va27ehf-27-inch-ips-100hz-monitor/
Techzone,Monitor,Dell P2421H 23.8” INCH IPS Monitor,"රු105,500",In Stock,https://techzone.lk/product/dell-p2421h-23-8-inch-ips-monitor/
Techzone,Monitor,MSI 255F E20 24.5” INCH 200HZ IPS Monitor,"රු53,000",In Stock,https://techzone.lk/product/msi-255f-e20-24-5-inch-200hz-ips-monitor/
Techzone,Monitor,MSI MAG 272F X24 27” INCH 240HZ FHD IPS GAMING Monitor,"රු62,000",In Stock,https://techzone.lk/product/msi-mag-272f-x24-27-inch-240hz-fhd-ips-gaming-monitor/
Techzone,Monitor,MSI MAG 275QF 27” INCH 180HZ WQHD IPS GAMING Monitor,"රු81,000",In Stock,https://techzone.lk/product/msi-mag-275qf-27-inch-180hz-wqhd-ips-gaming-monitor/
Techzone,Monitor,MSI MAG 27CQ6F 27” INCH 180HZ WQHD IPS GAMING Monitor Available at Kandy Showroom,"රු82,000",In Stock,https://techzone.lk/product/msi-mag-27cq6f-27-inch-180hz-wqhd-ips-gaming-monitor/
Techzone,Monitor,MSI MAG 321CQF E18 31.5” INCH 180HZ CURVED WQHD GAMING Monitor,"රු102,000",In Stock,https://techzone.lk/product/msi-mag-321cqf-e18-31-5-inch-180hz-curved-wqhd-gaming-monitor/
Techzone,Monitor,MSI MAG 325QF E18 V 31.5” INCH 180HZ VA WQHD GAMING Monitor,"රු96,000",In Stock,https://techzone.lk/product/msi-mag-325qf-e18-v-31-5-inch-180hz-va-wqhd-gaming-monitor/
Techzone,Laptop,Asus ROG Strix G16 – G615JHR-S5022WS Intel i7 (Pre Order),"රු655,000",In Stock,https://techzone.lk/product/asus-rog-strix-g16-g615jhr-s5022ws-intel-i7/
Techzone,Laptop,Asus Rog Strix G16 GP614PM-S5180WS Ryzen 9,"රු740,000",In Stock,https://techzone.lk/product/asus-rog-strix-g16-gp614pm-s5180ws-ryzen-9/
Techzone,Laptop,Asus TUF Gaming A15 FA506NCQ – Ryzen 7,"රු389,000",In Stock,https://techzone.lk/product/asus-tuf-gaming-a15-fa506ncq-ryzen-7/
Techzone,Laptop,Asus TUF Gaming A16 – Ryzen 7,"රු385,000",In Stock,https://techzone.lk/product/asus-tuf-gaming-a16-ryzen-7/
Techzone,Laptop,ASUS TUF GAMING A16 FX607VU Core 5,N/A,In Stock,https://techzone.lk/product/asus-tuf-gaming-a16-fx607vu-core-5/
Techzone,Laptop,Asus Tuf Gaming F16 FX608JHI-TU22WS Intel i7,N/A,In Stock,https://techzone.lk/product/asus-tuf-gaming-f16-fx608jhi-tu22ws-intel-i7/
Techzone,Laptop,Asus V16 V3607 Gaming – Core 7,"රු495,000",In Stock,https://techzone.lk/product/asus-v16-v3607-gaming-core-7/
Techzone,Laptop,HP Victus 15 fa1394TX Gaming – i5 (Available at Kandy Showroom),"රු319,000",In Stock,https://techzone.lk/product/hp-victus-15-fa1394tx-gaming-i5/
Techzone,Laptop,HP Victus 15 Gaming FA2275TX – i5 (13 Generation),"රු317,000",In Stock,https://techzone.lk/product/hp-victus-15-gaming-fa2275tx-i5-2/
Techzone,Laptop,HP Victus Gaming 15 Fb3105AX – Ryzen 7,"රු419,500",In Stock,https://techzone.lk/product/hp-victus-gaming-15-fb3105ax-ryzen-7/
Techzone,Laptop,Lenovo IdeaPad Gaming 3 – 15ACH6 (R7),"රු390,000",In Stock,https://techzone.lk/product/lenovo-ideapad-gaming-3-15ach6-r7/
Techzone,Laptop,Lenovo Legion 5 15AKP10 Gaming – Ryzen AI 7,"රු710,000",In Stock,https://techzone.lk/product/lenovo-legion-5-15akp10-gaming-ryzen-ai-7/
Techzone,Laptop,Lenovo Legion Pro 5 Gaming 16AFR10 – Ryzen 9,"රු799,000",In Stock,https://techzone.lk/product/lenovo-legion-pro-5-gaming-16afr10-ryzen-9/
Techzone,Laptop,Lenovo LOQ 15ARP10E Gaming – Ryzen 7,"රු395,000",In Stock,https://techzone.lk/product/lenovo-loq-15arp10e/
Techzone,Laptop,Lenovo LOQ 15ARP10E Gaming – Ryzen 7 (RTX 3050),"රු362,000",In Stock,https://techzone.lk/product/lenovo-loq-15arp10e-gaming-ryzen-7-rtx-3050/
Techzone,Laptop,MSI BRAVO 15 B5ED – Ryzen 7,"රු398,000",In Stock,https://techzone.lk/product/msi-bravo-15-b5ed-ryzen-7/
Techzone,Laptop,MSI Cyborg 15 A2RUDX Gaming – Core 7 14Generation,"රු385,000",In Stock,https://techzone.lk/product/msi-cyborg-15-a2rudx-gaming-core-7/
Techzone,Laptop,MSI CYBORG 15 BLACK EDITION A13VE,"රු418,500",In Stock,https://techzone.lk/product/msi-cyborg-15-black-edition-a13ve/
Techzone,Laptop,MSI Cyborg 15 Black Edition Gaming A13VE – i5,"රු392,000",In Stock,https://techzone.lk/product/msi-cyborg-15-black-edition-gaming-a13ve-i5/
Techzone,Laptop,MSI Thin Gaming 15 B13UC – i7,"රු329,000",In Stock,https://techzone.lk/product/msi-thin-gaming-15-b13uc-i7/
Techzone,Laptop,MSI Cyborg 15 B2RWEKG Gaming – Core 7,N/A,In Stock,https://techzone.lk/product/msi-cyborg-15-b2rwekg-gaming-core-7/
Techzone,Laptop,Acer Nitro 5 Intel Core i7 (Available at Kandy Showroom),"රු299,000",Out of Stock,https://techzone.lk/product/acer-nitro-5-intel-core-i7/
Techzone,Laptop,Asus ROG Strix G16 G615LW Gaming – Ultra 9,"රු1,079,000",Out of Stock,https://techzone.lk/product/asus-rog-strix-g16-g615lw-gaming-ultra-9/
Techzone,Laptop,Asus ROG Strix G16 G615LW Gaming – Ultra 9,"රු1,400,000",Out of Stock,https://techzone.lk/product/asus-rog-strix-g16-g615lw-gaming-ultra-9-2/
